Time,Eul_A,Eul_B,Eul_C
0.000000,0.000000,0.000000,0.000000
0.000000,-0.020001,0.000000,-0.000000
0.000000,-0.040019,0.020001,-0.000400
0.000000,-0.080101,0.020001,-0.000800
0.000000,-0.120383,0.040011,-0.002402
0.000000,-0.160805,0.040011,-0.003203
0.000000,-0.201477,0.040011,-0.004003
0.000000,-0.240362,0.059435,-0.007213
0.000000,-0.260822,0.059435,-0.007814
0.000000,-0.302048,0.059435,-0.009016
0.000000,-0.340985,0.078481,-0.013643
0.000000,-0.382146,0.082293,0.004415
0.000000,-0.424619,0.082694,0.002810
0.000000,-0.463558,0.082293,0.001003
0.000000,-0.485854,0.101977,-0.004624
0.000000,-0.547215,0.101575,-0.007841
0.000000,-0.592912,0.121297,-0.015715
0.000000,-0.633312,0.120491,-0.018334
0.000000,-0.673165,0.126336,-0.002016
0.000000,-0.714477,0.125933,-0.004839
0.000000,-0.761769,0.126739,-0.007258
0.000000,-0.781821,0.144502,-0.016574
0.000000,-0.823830,0.151984,-0.001416
0.000000,-0.873038,0.153199,-0.004249
0.000000,-0.892454,0.152389,-0.006273
0.000000,-0.912068,0.151580,-0.008296
0.000000,-0.959537,0.169206,-0.021105
0.000000,-0.985211,0.169815,-0.022728
0.000000,-1.031835,0.169409,-0.026582
0.000000,-1.055667,0.185868,-0.039084
0.000000,-1.077160,0.184647,-0.041524
0.000000,-1.103785,0.185258,-0.043354
0.000000,-1.156037,0.201766,-0.058816
0.000000,-1.178748,0.200337,-0.061464
0.000000,-1.201832,0.198909,-0.064112
0.000000,-1.252907,0.198093,-0.068793
0.000000,-1.276402,0.208712,-0.055226
0.000000,-1.300947,0.207486,-0.058084
0.000000,-1.326415,0.193811,-0.076725
0.000000,-1.351770,0.192385,-0.079367
0.000000,-1.380031,0.192996,-0.081398
0.000000,-1.405983,0.191570,-0.084038
0.000000,-1.464829,0.206055,-0.102514
0.000000,-1.463398,0.203808,-0.103124
0.000000,-1.490688,0.202174,-0.105967
0.000000,-1.518289,0.214440,-0.094311
0.000000,-1.546837,0.215259,-0.096553
0.000000,-1.546496,0.213007,-0.097367
0.000000,-1.575121,0.211575,-0.100422
0.000000,-1.603671,0.212393,-0.102661
0.000000,-1.604152,0.210143,-0.103474
0.000000,-1.633574,0.208712,-0.106525
0.000000,-1.662006,0.209530,-0.108761
0.000000,-1.663372,0.207281,-0.109574
0.000000,-1.693524,0.205851,-0.112620
0.000000,-1.698306,0.219355,-0.128218
0.000000,-1.728781,0.217716,-0.131469
0.000000,-1.759552,0.216077,-0.134716
0.000000,-1.791122,0.230228,-0.125399
0.000000,-1.817693,0.216078,-0.112421
0.000000,-1.822183,0.229818,-0.101243
0.000000,-1.858956,0.226533,-0.105941
0.000000,-1.934940,0.247932,-0.147207
0.000000,-1.992463,0.277966,-0.205633
0.000000,-2.013489,0.297154,-0.243355
0.000000,-2.060065,0.299456,-0.295963
0.000000,-2.090747,0.295063,-0.345949
0.000000,-2.157399,0.284628,-0.401031
0.000000,-2.235300,0.280671,-0.476963
0.000000,-2.313488,0.240100,-0.540172
0.000000,-2.392969,0.227764,-0.617364
0.000000,-2.431862,0.211575,-0.668036
0.000000,-2.468010,0.204625,-0.690104
0.000000,-2.490804,0.204217,-0.712752
0.000000,-2.476710,0.211575,-0.713061
0.000000,-2.485455,0.218535,-0.736262
0.000000,-2.449446,0.208916,-0.736949
0.000000,-2.443650,0.191366,-0.743186
0.000000,-2.391042,0.146928,-0.806745
0.000000,-2.363105,0.079484,-0.887731
0.000000,-2.327256,0.073867,-0.893077
0.000000,-2.316778,0.018001,-0.970659
0.000000,-2.307203,-0.012000,-1.007694
0.000000,-2.298691,-0.001000,-1.026584
0.000000,-2.316283,0.038209,-1.065921
0.000000,-2.294768,0.040211,-1.043913
0.000000,-2.265638,0.031205,-0.946721
0.000000,-2.296385,-0.037008,-0.942873
0.000000,-2.367087,-0.177937,-1.046507
0.000000,-2.414950,-0.298618,-1.080384
0.000000,-2.358493,-0.225917,-1.045255
0.000000,-2.253384,-0.122305,-1.030721
0.000000,-2.244717,-0.029404,-1.006221
0.000000,-2.294207,0.127747,-0.923778
0.000000,-2.375473,0.265301,-0.792135
0.000000,-2.435336,0.388499,-0.610991
0.000000,-2.472420,0.489064,-0.466896
0.000000,-2.475490,0.573291,-0.398326
0.000000,-2.387813,0.568063,-0.427020
0.000000,-2.332917,0.699454,-0.416558
0.000000,-2.357652,0.681038,-0.453054
0.000000,-2.446000,0.451149,-0.614823
0.000000,-2.464976,0.442057,-0.764643
0.000000,-2.443841,0.391527,-0.896597
0.000000,-2.446964,0.345641,-1.009983
0.000000,-2.406243,0.324885,-1.069270
0.000000,-2.386381,0.319825,-1.075744
0.000000,-2.328020,0.308469,-1.030593
0.000000,-2.282701,0.262608,-1.028144
0.000000,-2.255292,0.195850,-1.008945
0.000000,-2.234206,-0.040411,-0.967643
0.000000,-2.214134,-0.212393,-0.963155
0.000000,-2.223049,-0.301549,-0.888378
0.000000,-2.318545,-0.419605,-0.674741
0.000000,-2.482115,-0.382887,-0.480497
0.000000,-2.455161,-0.237424,-0.427173
0.000000,-2.456161,-0.134001,-0.347150
0.000000,-2.431925,-0.067251,-0.281934
0.000000,-2.444459,-0.076274,-0.261184
0.000000,-2.488354,-0.132790,-0.300827
0.000000,-2.555474,-0.103987,-0.283657
0.000000,-2.612079,-0.005600,-0.209124
0.000000,-2.681360,0.090524,-0.122811
0.000000,-2.765553,0.121096,-0.099488
0.000000,-2.805789,0.141875,-0.118265
0.000000,-2.874492,0.223045,-0.152774
0.000000,-2.948474,0.303225,-0.194807
0.000000,-3.005534,0.294645,-0.182471
0.000000,-3.039679,0.289632,-0.127382
0.000000,-3.011173,0.247107,-0.084871
0.000000,-2.965675,0.245457,-0.038973
0.000000,-2.986002,0.147130,-0.088884
0.000000,-3.050672,0.185258,-0.111961
0.000000,-3.092523,0.242984,-0.094727
0.000000,-3.131006,0.240718,-0.079173
0.000000,3.114157,0.218945,-0.063160
0.000000,3.054405,0.238248,-0.050657
0.000000,3.053579,0.279214,-0.052867
0.000000,3.032352,0.320246,-0.058583
0.000000,3.031937,0.338635,-0.038834
0.000000,3.031937,0.338635,-0.038834
0.000000,2.948795,0.337787,-0.053241
0.000000,2.835627,0.350748,-0.095174
0.000000,2.704512,0.340120,-0.137965
0.000000,2.580085,0.326996,-0.180005
0.000000,2.446159,0.307629,-0.220194
0.000000,2.333799,0.268204,-0.246237
0.000000,2.274320,0.234133,-0.264178
0.000000,2.218299,0.199521,-0.280457
0.000000,2.141497,0.161501,-0.293418
0.000000,2.137006,0.123111,-0.321368
0.000000,2.147593,0.133597,-0.347530
0.000000,2.159925,0.126941,-0.363090
0.000000,2.217742,0.129159,-0.376159
0.000000,2.300805,0.145715,-0.421279
0.000000,2.385598,0.176515,-0.438837
0.000000,2.504142,0.247726,-0.423418
0.000000,2.636349,0.293391,-0.326773
0.000000,2.799393,0.355010,-0.207013
0.000000,2.972924,0.402805,-0.034769
0.000000,3.109882,0.510484,0.116320
0.000000,-3.017527,0.579971,0.354027
0.000000,-2.854959,0.621432,0.581905
0.000000,-2.732469,0.692938,0.817105
0.000000,-2.662533,0.675900,0.996924
0.000000,-2.628786,0.651022,1.145635
0.000000,-2.691234,0.688526,1.264389
0.000000,-2.703006,0.733132,1.354487
0.000000,-2.712669,0.784682,1.457188
0.000000,-2.694415,0.787229,1.517463
0.000000,-2.698619,0.831882,1.574683
0.000000,-2.683314,0.861469,1.635272
0.000000,-2.679478,0.856875,1.601118
0.000000,-2.663708,0.877901,1.628258
0.000000,-2.663708,0.877901,1.628258
0.000000,-2.664369,0.869490,1.592960
0.000000,-2.664369,0.869490,1.592960
0.000000,-2.645759,0.852305,1.592664
0.000000,-2.645759,0.852305,1.592664
0.000000,-2.664369,0.869490,1.592960
0.000000,-2.668160,0.873841,1.626512
0.000000,-2.668160,0.873841,1.626512
0.000000,-2.645759,0.852305,1.592664
0.000000,-2.645759,0.852305,1.592664
0.000000,-2.645759,0.852305,1.592664
0.000000,-2.645759,0.852305,1.592664
0.000000,-2.645759,0.852305,1.592664
0.000000,-2.645759,0.852305,1.592664
0.000000,-2.645759,0.852305,1.592664
0.000000,-2.664369,0.869490,1.592960
0.000000,-2.699365,0.857180,1.532023
0.000000,-2.734646,0.836944,1.440950
0.000000,-2.807258,0.837840,1.328095
0.000000,-2.913515,0.821253,1.136164
0.000000,-3.039096,0.769812,0.884672
0.000000,-3.127324,0.726691,0.655991
0.000000,3.107035,0.701023,0.440328
0.000000,3.101415,0.641503,0.261567
0.000000,3.093346,0.569724,0.048453
0.000000,3.121431,0.524292,-0.149976
0.000000,-3.125612,0.498149,-0.350556
0.000000,-3.090866,0.469006,-0.485732
0.000000,-3.025730,0.437857,-0.619683
0.000000,-2.937846,0.395208,-0.692518
0.000000,-2.864572,0.349470,-0.751706
0.000000,-2.847156,0.298828,-0.796074
0.000000,-2.829259,0.247313,-0.823347
0.000000,-2.852782,0.242572,-0.849024
0.000000,-2.844564,0.224275,-0.850077
0.000000,-2.844564,0.224275,-0.850077
0.000000,-2.821212,0.228996,-0.824645
0.000000,-2.838733,0.220585,-0.825203
0.000000,-2.838733,0.220585,-0.825203
0.000000,-2.821212,0.228996,-0.824645
0.000000,-2.815072,0.225096,-0.799957
0.000000,-2.823037,0.225917,-0.805662
0.000000,-2.834782,0.214030,-0.781775
0.000000,-2.869658,0.180377,-0.789845
0.000000,-2.913480,0.133395,-0.749867
0.000000,-3.016110,0.115255,-0.756283
0.000000,-3.134617,0.151782,-0.714826
0.000000,3.030178,0.194830,-0.689368
0.000000,2.892348,0.209121,-0.708116
0.000000,2.762071,0.203400,-0.728338
0.000000,2.612176,0.213007,-0.741534
0.000000,2.442490,0.197277,-0.744634
0.000000,2.286946,0.200950,-0.716810
0.000000,2.162195,0.191162,-0.701730
0.000000,2.047470,0.185461,-0.691181
0.000000,1.931074,0.171439,-0.658905
0.000000,1.855402,0.158867,-0.646180
0.000000,1.820052,0.145311,-0.650862
0.000000,1.788411,0.151175,-0.666935
0.000000,1.819006,0.160691,-0.666140
0.000000,1.821763,0.180377,-0.677442
0.000000,1.854198,0.174484,-0.661186
0.000000,1.893827,0.157450,-0.663387
0.000000,1.937825,0.161096,-0.677146
0.000000,2.035968,0.161299,-0.725584
0.000000,2.105057,0.200950,-0.743545
0.000000,2.238499,0.260331,-0.765661
0.000000,2.380521,0.330800,-0.775222
0.000000,2.558840,0.448040,-0.740689
0.000000,2.809479,0.560725,-0.673819
0.000000,3.076656,0.659093,-0.556155
0.000000,-2.926094,0.697626,-0.419651
0.000000,-2.736668,0.639756,-0.274355
0.000000,-2.583044,0.564981,-0.202970
0.000000,-2.462651,0.529150,-0.161035
0.000000,-2.357530,0.533790,-0.133474
0.000000,-2.180183,0.514386,-0.075996
0.000000,-2.018511,0.474844,-0.035996
0.000000,-1.855239,0.427723,-0.032530
0.000000,-1.710706,0.351174,-0.041367
0.000000,-1.668636,0.251028,-0.098025
0.000000,-1.676887,0.153603,-0.050615
0.000000,-1.615158,0.111833,-0.059205
0.000000,-1.588903,0.098158,-0.100049
0.000000,-1.532624,0.087110,-0.111655
0.000000,-1.502410,0.087712,-0.082007
0.000000,-1.475283,0.088917,-0.080807
0.000000,-1.472987,0.087512,-0.052425
0.000000,-1.472987,0.087512,-0.052425
0.000000,-1.501017,0.101374,-0.038605
0.000000,-1.498284,0.085705,-0.025296
0.000000,-1.525794,0.113041,0.002415
0.000000,-1.617794,0.125731,-0.073850
0.000000,-1.764236,0.072864,-0.307870
0.000000,-1.881331,-0.112437,-0.609984
0.000000,-1.876343,-0.339483,-0.960680
0.000000,-1.863535,-0.550602,-1.238698
0.000000,-1.750552,-0.758179,-1.643550
0.000000,-1.411587,-0.841435,-2.179278
0.000000,-1.114992,-0.805822,-2.604115
0.000000,-0.838274,-0.708901,-2.958378
0.000000,-0.690488,-0.626114,-3.134803
0.000000,-0.619918,-0.569487,3.088784
0.000000,-0.594139,-0.566877,3.081742
0.000000,-0.594139,-0.566877,3.081742
0.000000,-0.624930,-0.562379,3.110510
0.000000,-0.624930,-0.562379,3.110510
0.000000,-0.604437,-0.581646,3.110792
0.000000,-0.604437,-0.581646,3.110792
0.000000,-0.610030,-0.603588,3.117822
0.000000,-0.623561,-0.662640,-3.073213
0.000000,-0.740652,-0.756527,-2.841421
0.000000,-1.020553,-0.824782,-2.315580
0.000000,-1.466943,-0.806111,-1.658649
0.000000,-1.809055,-0.617747,-1.146290
0.000000,-1.957407,-0.432344,-0.912749
0.000000,-2.033510,-0.278382,-0.747114
0.000000,-2.113511,-0.163325,-0.632455
0.000000,-2.212443,-0.110625,-0.506864
0.000000,-2.366524,-0.114450,-0.417550
0.000000,-2.523646,-0.107004,-0.329003
0.000000,-2.718897,-0.143088,-0.194423
0.000000,-2.891453,-0.166975,-0.122594
0.000000,-3.032875,-0.196257,-0.070828
0.000000,3.082104,-0.220175,-0.013529
0.000000,2.934810,-0.175093,0.058529
0.000000,2.808763,-0.098559,0.137918
0.000000,2.742097,-0.003200,0.185434
0.000000,2.731939,0.147939,0.215796
0.000000,2.740004,0.404327,0.251780
0.000000,2.821939,0.635525,0.343678
0.000000,3.031069,0.844441,0.551990
0.000000,-2.977152,0.952384,0.818348
0.000000,-2.818129,0.993608,1.005714
0.000000,-2.902127,0.913423,0.922964
0.000000,-3.087374,0.770926,0.727845
0.000000,3.033266,0.531005,0.536230
0.000000,2.906998,0.273393,0.397252
0.000000,2.811944,-0.056430,0.274613
0.000000,2.773085,-0.366553,0.131844
0.000000,2.861300,-0.570437,-0.106988
0.000000,3.060204,-0.677440,-0.376207
0.000000,-3.033918,-0.782705,-0.569504
0.000000,-2.801574,-0.887982,-0.776187
0.000000,-2.561982,-0.961761,-1.027300
0.000000,-2.436283,-0.932312,-1.057303
0.000000,-2.373242,-0.911462,-1.018037
0.000000,-2.499053,-0.896586,-0.807154
0.000000,-2.829542,-0.763979,-0.456740
0.000000,-3.037246,-0.518065,-0.235151
0.000000,3.106643,-0.302387,-0.035198
0.000000,3.055231,-0.115456,0.125953
0.000000,-3.138977,0.019801,0.260409
0.000000,-3.030869,0.117671,0.472294
0.000000,-2.897707,0.254126,0.716170
0.000000,-2.813875,0.410862,0.878122
0.000000,-2.773154,0.504306,0.985012
0.000000,-2.769920,0.524985,1.041992
0.000000,-2.765066,0.547319,1.046247
0.000000,-2.829364,0.532629,0.973443
0.000000,-2.920999,0.481151,0.839443
0.000000,-3.031828,0.368054,0.685609
0.000000,-3.127693,0.203808,0.530191
0.000000,3.082004,0.010800,0.360738
0.000000,3.089541,-0.176718,0.124683
0.000000,-3.129137,-0.301549,-0.083020
0.000000,-3.034663,-0.452038,-0.270100
0.000000,-2.938299,-0.579015,-0.437033
0.000000,-2.899051,-0.660612,-0.513437
0.000000,-2.899051,-0.660612,-0.513437
0.000000,-2.911653,-0.597044,-0.450753
0.000000,-2.939009,-0.544511,-0.350567
0.000000,-2.970251,-0.473496,-0.207959
0.000000,-3.010108,-0.422893,-0.049105
0.000000,-3.030366,-0.285878,0.065071
0.000000,-3.034705,-0.188922,0.150853
0.000000,-2.994632,-0.118477,0.233305
0.000000,-2.936716,-0.098559,0.355173
0.000000,-2.855610,-0.206259,0.420963
0.000000,-2.776245,-0.310569,0.422185
0.000000,-2.752749,-0.440730,0.418875
0.000000,-2.773278,-0.509339,0.389458
0.000000,-2.796037,-0.450705,0.424678
0.000000,-2.812420,-0.408900,0.453007
0.000000,-2.828981,-0.382456,0.438867
0.000000,-2.822731,-0.378363,0.416234
0.000000,-2.827490,-0.398678,0.415182
0.000000,-2.838863,-0.423331,0.437289
0.000000,-2.833914,-0.402805,0.437992
0.000000,-2.833914,-0.402805,0.437992
0.000000,-2.847091,-0.393691,0.418356
0.000000,-2.842273,-0.373418,0.419185
0.000000,-2.842273,-0.373418,0.419185
0.000000,-2.870455,-0.355010,0.449932
0.000000,-2.884836,-0.329743,0.453158
0.000000,-2.894445,-0.301549,0.433916
0.000000,-2.934893,-0.274432,0.443214
0.000000,-2.945008,-0.230023,0.446186
0.000000,-2.959848,-0.205646,0.448375
0.000000,-2.979204,-0.182817,0.454561
0.000000,-2.974671,-0.163122,0.455225
0.000000,-2.989278,-0.138846,0.456968
0.000000,-2.989278,-0.138846,0.456968
0.000000,-2.993832,-0.158462,0.456315
0.000000,-2.991294,-0.156640,0.434670
0.000000,-2.991294,-0.156640,0.434670
0.000000,-2.993832,-0.158462,0.456315
0.000000,-2.979204,-0.182817,0.454561
0.000000,-2.979204,-0.182817,0.454561
0.000000,-2.979204,-0.182817,0.454561
0.000000,-2.998392,-0.178141,0.455838
0.000000,-2.998392,-0.178141,0.455838
0.000000,-2.998392,-0.178141,0.455838
0.000000,-2.998392,-0.178141,0.455838
0.000000,-2.998392,-0.178141,0.455838
0.000000,-2.998392,-0.178141,0.455838
0.000000,-2.998392,-0.178141,0.455838
0.000000,-3.002958,-0.197889,0.455537
0.000000,-3.002958,-0.197889,0.455537
0.000000,-2.998392,-0.178141,0.455838
0.000000,-2.998392,-0.178141,0.455838
0.000000,-2.998392,-0.178141,0.455838
0.000000,-3.017686,-0.173469,0.457114
0.000000,-3.051919,-0.144502,0.459581
0.000000,-3.093806,-0.154008,0.440554
0.000000,-3.138395,-0.185461,0.405880
0.000000,3.098820,-0.257641,0.330186
0.000000,3.055036,-0.355437,0.261316
0.000000,3.001019,-0.477545,0.158637
0.000000,2.961980,-0.585481,0.032937
0.000000,2.985356,-0.670784,-0.158615
0.000000,3.060462,-0.722951,-0.357774
0.000000,-3.109862,-0.803226,-0.541899
0.000000,-2.898971,-0.921650,-0.782343
0.000000,-2.728824,-1.008813,-1.018581
0.000000,-2.593156,-1.045549,-1.176861
0.000000,-2.505352,-1.038808,-1.280910
0.000000,-2.455523,-1.049552,-1.355402
0.000000,-2.437443,-1.042764,-1.347098
0.000000,-2.440719,-1.045948,-1.384370
0.000000,-2.480619,-1.068335,-1.387276
0.000000,-2.492904,-1.038414,-1.345278
0.000000,-2.554371,-1.072504,-1.306407
0.000000,-2.555792,-1.068751,-1.268036
0.000000,-2.681982,-1.084778,-1.110603
0.000000,-2.809057,-1.003580,-0.912733
0.000000,-2.938051,-0.881982,-0.705763
0.000000,-3.007110,-0.753780,-0.554707
0.000000,-3.087531,-0.633290,-0.420115
0.000000,3.103299,-0.493601,-0.259139
0.000000,3.022620,-0.330800,-0.142615
0.000000,2.984478,-0.204217,-0.044338
0.000000,2.975365,-0.094340,0.067758
0.000000,2.981378,0.016001,0.199357
0.000000,2.991294,0.084501,0.315211
0.000000,3.008366,0.150568,0.414299
0.000000,3.047027,0.191162,0.520157
0.000000,3.086825,0.227969,0.609046
0.000000,3.114707,0.240100,0.630388
0.000000,3.126568,0.261573,0.679321
0.000000,-3.119952,0.291720,0.705321
0.000000,-3.088539,0.301549,0.729694
0.000000,-3.078651,0.321510,0.757991
0.000000,-3.071121,0.340969,0.762335
0.000000,-3.063600,0.360562,0.767021
0.000000,-3.105353,0.374922,0.736660
0.000000,-3.121249,0.401066,0.713336
0.000000,3.113080,0.412390,0.657644
0.000000,3.069176,0.446709,0.610726
0.000000,3.029277,0.496556,0.560043
0.000000,2.980233,0.524292,0.504612
0.000000,2.882150,0.505220,0.393099
0.000000,2.826504,0.507278,0.318064
0.000000,2.773759,0.472148,0.224573
0.000000,2.745593,0.466094,0.157021
0.000000,2.702198,0.449150,0.066199
0.000000,2.668117,0.456713,-0.006903
0.000000,2.591947,0.447153,-0.127904
0.000000,2.522583,0.459388,-0.235727
0.000000,2.457656,0.446709,-0.336466
0.000000,2.388813,0.394774,-0.400486
0.000000,2.334240,0.283794,-0.428870
0.000000,2.291599,0.156235,-0.444341
0.000000,2.294277,0.018001,-0.451126
0.000000,2.301579,-0.126739,-0.476629
0.000000,2.320819,-0.241130,-0.495532
0.000000,2.367313,-0.324674,-0.511953
0.000000,2.384999,-0.336939,-0.506810
0.000000,2.404286,-0.305531,-0.497137
0.000000,2.394720,-0.235367,-0.477987
0.000000,2.392296,-0.134606,-0.447491
0.000000,2.399387,-0.053025,-0.412124
0.000000,2.408778,0.035207,-0.358209
0.000000,2.428295,0.104591,-0.297080
0.000000,2.486619,0.145109,-0.196959
0.000000,2.538116,0.198705,-0.104033
0.000000,2.613798,0.228791,0.000411
0.000000,2.678226,0.245870,0.086533
0.000000,2.754146,0.236190,0.159062
0.000000,2.868584,0.220175,0.256156
0.000000,2.910020,0.199725,0.303177
0.000000,2.951400,0.195442,0.327357
0.000000,3.019354,0.226327,0.370477
0.000000,3.070596,0.259710,0.396956
0.000000,3.126777,0.309728,0.423947
0.000000,-3.118618,0.366982,0.456369
0.000000,-3.056598,0.415448,0.492786
0.000000,-2.987259,0.462515,0.558528
0.000000,-2.924766,0.529150,0.605016
0.000000,-2.860714,0.621678,0.716936
0.000000,-2.837140,0.730981,0.825922
0.000000,-2.849684,0.891476,0.921592
0.000000,-2.899398,1.034878,1.021127
0.000000,-3.019290,1.193326,1.043215
0.000000,-3.110397,1.261014,0.968651
0.000000,3.011890,1.333598,0.851652
0.000000,2.896614,1.287002,0.686199
0.000000,2.869733,1.365497,0.663772
0.000000,2.619758,1.391671,0.372988
0.000000,2.412337,1.414432,0.139229
0.000000,1.984157,1.430682,-0.254368
0.000000,1.302216,1.493317,-1.050545
0.000000,0.827479,1.429257,-1.469047
0.000000,0.646803,1.423695,-1.660459
0.000000,0.215068,1.420990,-2.148615
0.000000,-0.195392,1.403268,-2.548243
0.000000,-0.399921,1.360648,-2.753937
0.000000,-0.390092,1.364518,-2.775233
0.000000,-0.360910,1.319537,-2.773202
0.000000,-0.347558,1.340505,-2.791601
0.000000,-0.281232,1.389440,-2.746590
0.000000,-0.267806,1.405685,-2.732489
0.000000,-0.250618,1.420990,-2.713909
0.000000,-0.250618,-nan(ind),-2.740941
0.000000,-0.227265,1.435045,-2.687818
0.000000,-0.192794,1.447430,-2.647651
0.000000,-0.297562,1.422336,-2.764062
0.000000,-0.273461,1.427846,-2.717924
0.000000,-0.273461,-nan(ind),0.380507
0.000000,2.717741,1.398537,0.204110
0.000000,2.731723,1.292046,0.175433
0.000000,2.749200,1.157993,0.156440
0.000000,2.727398,1.113388,0.123258
0.000000,2.716196,0.975531,0.119429
0.000000,2.717555,0.888616,0.089601
0.000000,2.722918,0.819786,0.105599
0.000000,2.750560,0.729907,0.110895
0.000000,2.745554,0.661625,0.099719
0.000000,2.777426,0.643251,0.113360
0.000000,2.772341,0.597527,0.119333
0.000000,2.802657,0.579015,0.131289
0.000000,2.822025,0.534023,0.122195
0.000000,2.819842,0.512090,0.124697
0.000000,2.822025,0.534023,0.122195
0.000000,2.799406,0.620203,0.102619
0.000000,2.772924,0.706269,0.101236
0.000000,2.723643,0.830398,0.059192
0.000000,2.679206,0.969141,0.030722
0.000000,2.685154,1.118395,0.073007
0.000000,2.658274,1.233945,0.078722
0.000000,2.649164,1.319536,0.109235
0.000000,2.676300,1.454111,0.126308
0.000000,2.572665,1.490774,0.023805
0.000000,2.466851,1.507539,-0.079830
0.000000,2.466851,1.507539,-0.079830
0.000000,2.466851,1.521802,-0.286939
0.000000,2.466851,1.526072,0.300920
0.000000,2.466851,-nan(ind),0.999924
0.000000,2.466851,1.530794,1.399419
0.000000,2.466851,1.530794,1.399419
0.000000,-2.106354,1.468772,1.450308
0.000000,-2.106354,-nan(ind),0.653956
0.000000,2.931746,1.318734,0.320595
0.000000,2.940188,1.177367,0.279549
0.000000,2.876123,0.830102,0.147350
0.000000,2.878703,0.523830,0.117068
0.000000,2.827361,0.216897,0.087767
0.000000,2.772952,-0.107004,0.080953
0.000000,2.714251,-0.373418,0.081732
0.000000,2.626742,-0.617747,0.122799
0.000000,2.571310,-0.830991,0.215025
0.000000,2.461546,-0.981982,0.320363
0.000000,2.301703,-1.169102,0.535692
0.000000,1.912195,-1.237595,0.822592
0.000000,1.519533,-1.377623,1.235357
0.000000,0.621244,-1.344037,1.952992
0.000000,0.040482,-1.345823,2.538099
0.000000,-0.359088,-1.268986,2.875580
0.000000,-0.580655,-1.226757,3.036607
0.000000,-0.619513,-1.164523,3.074526
0.000000,-0.639465,-1.151069,3.112010
0.000000,-0.672948,-1.151560,-3.110638
0.000000,-0.626960,-1.217392,-3.137841
0.000000,-0.565451,-1.285577,-3.137766
0.000000,-0.554996,-1.333598,-3.090616
0.000000,-0.402169,-1.441091,3.099194
0.000000,2.675342,-1.291320,0.048689
0.000000,2.692189,-0.988496,-0.009410
0.000000,2.697400,-0.664925,-0.104877
0.000000,2.703635,-0.392825,-0.183726
0.000000,2.689412,-0.175906,-0.227484
0.000000,2.690409,0.063643,-0.262667
0.000000,2.580685,0.318982,-0.366735
0.000000,2.379511,0.616766,-0.568404
0.000000,2.065204,0.836646,-0.930108
0.000000,1.713425,0.903665,-1.233923
0.000000,1.324703,0.905607,-1.633071
0.000000,1.106695,0.943130,-1.851179
0.000000,1.148058,0.971619,-1.744033
0.000000,1.290899,1.000239,-1.637822
0.000000,1.472359,0.974106,-1.518935
0.000000,1.656554,0.922643,-1.391384
0.000000,1.934035,0.846853,-1.188134
0.000000,2.293148,0.704956,-0.985711
0.000000,2.666754,0.474844,-0.806401
0.000000,2.960606,0.255366,-0.703848
0.000000,-3.060266,0.011000,-0.759256
0.000000,-2.797714,-0.198093,-0.871233
0.000000,-2.677945,-0.381163,-1.000533
0.000000,-2.678970,-0.527761,-1.030298
0.000000,-2.644135,-0.526835,-1.114787
0.000000,-2.662042,-0.438741,-1.071308
0.000000,-2.705223,-0.352026,-0.959267
0.000000,-2.775364,-0.327841,-0.845502
0.000000,-2.872571,-0.269864,-0.677823
0.000000,-2.919601,-0.131781,-0.480630
0.000000,-2.944356,0.049620,-0.296791
0.000000,-2.952736,0.193403,-0.123192
0.000000,-2.928587,0.316876,0.054342
0.000000,-2.894143,0.381163,0.211936
0.000000,-2.855885,0.447596,0.358460
0.000000,-2.835192,0.497238,0.433061
0.000000,-2.852250,0.522675,0.434408
0.000000,-2.899347,0.515994,0.356806
0.000000,-2.933349,0.463185,0.255182
0.000000,-2.978972,0.354584,0.110704
0.000000,-3.049644,0.204421,-0.091030
0.000000,-3.046378,0.034807,-0.300617
0.000000,-3.011509,-0.113041,-0.473548
0.000000,-2.955379,-0.195646,-0.590944
0.000000,-2.923818,-0.203808,-0.637409
0.000000,-2.905315,-0.196054,-0.662330
0.000000,-2.880386,-0.210757,-0.646445
0.000000,-2.831183,-0.241542,-0.616801
0.000000,-2.869044,-0.219765,-0.519859
0.000000,-2.905809,-0.190144,-0.491444
0.000000,-2.865217,-0.146524,-0.429303
0.000000,-2.776753,-0.154210,-0.395929
0.000000,-2.771285,-0.143492,-0.334529
0.000000,-2.825185,-0.104389,-0.240199
0.000000,-2.859861,-0.034207,-0.187782
0.000000,-2.843831,0.004200,-0.162091
0.000000,-2.814453,-0.013600,-0.163965
0.000000,-2.753704,-0.079684,-0.221236
0.000000,-2.699000,-0.148343,-0.261110
0.000000,-2.660122,-0.222225,-0.283425
0.000000,-2.660122,-0.222225,-0.283425
0.000000,-2.662497,-0.207077,-0.257521
0.000000,-2.697554,-0.176515,-0.226159
0.000000,-2.699545,-0.161096,-0.201131
0.000000,-2.699545,-0.161096,-0.201131
0.000000,-2.681977,-0.159475,-0.203115
0.000000,-2.683415,-0.139855,-0.197990
0.000000,-2.683415,-0.139855,-0.197990
0.000000,-2.701007,-0.141471,-0.196207
0.000000,-2.701007,-0.141471,-0.196207
0.000000,-2.701007,-0.141471,-0.196207
0.000000,-2.701007,-0.141471,-0.196207
0.000000,-2.701007,-0.141471,-0.196207
0.000000,-2.701007,-0.141471,-0.196207
0.000000,-2.701007,-0.141471,-0.196207
0.000000,-2.701007,-0.141471,-0.196207
0.000000,-2.701007,-0.141471,-0.196207
0.000000,-2.701007,-0.141471,-0.196207
0.000000,-2.718897,-0.143088,-0.194423
0.000000,-2.717410,-0.162717,-0.199145
0.000000,-2.717410,-0.162717,-0.199145
0.000000,-2.717410,-0.162717,-0.199145
0.000000,-2.717410,-0.162717,-0.199145
0.000000,-2.717410,-0.162717,-0.199145
0.000000,-2.717410,-0.162717,-0.199145
0.000000,-2.717410,-0.162717,-0.199145
0.000000,-2.717410,-0.162717,-0.199145
0.000000,-2.717410,-0.162717,-0.199145
0.000000,-2.715926,-0.182410,-0.203977
0.000000,-2.769634,-0.207077,-0.201726
0.000000,-2.872752,-0.212802,-0.232075
0.000000,-3.017088,-0.208303,-0.235958
0.000000,3.119248,-0.163528,-0.219263
0.000000,3.012689,-0.114651,-0.213821
0.000000,2.905160,-0.070458,-0.253394
0.000000,2.786468,-0.077076,-0.312806
0.000000,2.658727,-0.086508,-0.350590
0.000000,2.538247,-0.120290,-0.384249
0.000000,2.436059,-0.136221,-0.423820
0.000000,2.382489,-0.157450,-0.440661
0.000000,2.311345,-0.180173,-0.453011
0.000000,2.274195,-0.198909,-0.469301
0.000000,2.254152,-0.204625,-0.514135
0.000000,2.217375,-0.229407,-0.546239
0.000000,2.232590,-0.230639,-0.596939
0.000000,2.237559,-0.225917,-0.642473
0.000000,2.302461,-0.187293,-0.705712
0.000000,2.419182,-0.116463,-0.701004
0.000000,2.549127,-0.035207,-0.670738
0.000000,2.720577,0.053425,-0.634967
0.000000,2.890388,0.136423,-0.568558
0.000000,3.083684,0.150973,-0.491860
0.000000,-3.058933,0.082293,-0.482581
0.000000,-2.956492,0.008400,-0.527038
0.000000,-2.895268,0.004800,-0.530650
0.000000,-2.760610,0.041812,-0.529787
0.000000,-2.584720,0.023402,-0.520461
0.000000,-2.435963,0.017601,-0.512999
0.000000,-2.288379,0.008000,-0.506341
0.000000,-2.216737,-0.028204,-0.487898
0.000000,-2.202547,-0.025803,-0.532831
0.000000,-2.213859,0.028204,-0.460785
0.000000,-2.234904,0.079283,-0.389145
0.000000,-2.239581,0.114651,-0.371537
0.000000,-2.285401,0.086106,-0.334836
0.000000,-2.414816,0.031405,-0.309154
0.000000,-2.616009,-0.039010,-0.320864
0.000000,-2.820614,-0.068453,-0.335577
0.000000,-3.001287,-0.096148,-0.370059
0.000000,3.134910,-0.145513,-0.464733
0.000000,3.039402,-0.219150,-0.581923
0.000000,2.995299,-0.309728,-0.684226
0.000000,2.971594,-0.394125,-0.764561
0.000000,2.971940,-0.473720,-0.834113
0.000000,3.021590,-0.666960,-0.883928
0.000000,3.057502,-0.824193,-0.919720
0.000000,-3.137501,-0.903019,-1.026760
0.000000,-3.078954,-0.908204,-1.081409
0.000000,-3.106519,-0.881038,-1.010017
0.000000,3.090377,-0.804091,-0.905548
0.000000,2.994339,-0.659346,-0.801673
0.000000,2.895331,-0.523599,-0.703720
0.000000,2.802655,-0.358639,-0.588595
0.000000,2.721436,-0.167178,-0.481983
0.000000,2.678744,0.078882,-0.371047
0.000000,2.639928,0.307210,-0.265810
0.000000,2.636752,0.522214,-0.181256
0.000000,2.658063,0.718160,-0.074528
0.000000,2.687872,0.896586,0.052345
0.000000,2.788582,1.064198,0.192037
0.000000,2.960772,1.163007,0.391149
0.000000,3.124625,1.246892,0.618144
0.000000,-2.949133,1.292774,0.875464
0.000000,-2.830128,1.276478,0.969974
0.000000,-2.760955,1.309284,1.057222
0.000000,-2.826726,1.256454,0.905095
0.000000,-2.969565,1.262329,0.759903
0.000000,-3.126024,1.247521,0.552975
0.000000,2.922997,1.278553,0.316995
0.000000,2.726537,1.278553,0.066742
0.000000,2.562288,1.178412,-0.118110
0.000000,2.520383,1.113388,-0.223113
0.000000,2.518421,0.999129,-0.302556
0.000000,2.523885,0.859628,-0.331717
0.000000,2.516772,0.727226,-0.397975
0.000000,2.530769,0.579732,-0.449641
0.000000,2.541042,0.436974,-0.480538
0.000000,2.564254,0.284628,-0.487419
0.000000,2.572037,0.156032,-0.485677
0.000000,2.611683,0.054227,-0.498021
0.000000,2.608515,0.010200,-0.502975
0.000000,2.622984,0.011600,-0.507176
0.000000,2.615470,0.066048,-0.540420
0.000000,2.573836,0.175296,-0.577509
0.000000,2.526827,0.294227,-0.581550
0.000000,2.477935,0.434768,-0.607723
0.000000,2.435714,0.566403,-0.615822
0.000000,2.389085,0.700238,-0.628335
0.000000,2.365661,0.852306,-0.623924
0.000000,2.364048,1.029419,-0.609635
0.000000,2.350517,1.139920,-0.539999
0.000000,2.407112,1.289153,-0.492203
0.000000,2.618864,1.362574,-0.214833
0.000000,2.797259,1.391671,-0.022384
0.000000,-3.077166,1.403268,0.360680
0.000000,-2.750440,1.501501,0.740325
0.000000,-2.475035,1.387236,0.896056
0.000000,-2.312507,1.445815,1.140884
0.000000,-2.047403,1.413153,1.350548
0.000000,-1.978428,1.380774,1.381597
0.000000,-1.885338,1.328544,1.423359
0.000000,-1.841367,1.246892,1.351001
0.000000,-1.921524,1.234551,1.277610
0.000000,-2.073241,1.266974,1.185685
0.000000,-2.155720,1.213369,1.046899
0.000000,-2.331577,1.254519,0.934576
0.000000,-2.435111,1.162504,0.758135
0.000000,-2.602468,1.194413,0.678977
0.000000,-2.638187,1.200997,0.654983
0.000000,-2.596614,1.170127,0.649904
0.000000,-2.607949,1.219130,0.708992
0.000000,-2.669689,1.227351,0.637775
0.000000,-2.711652,1.234550,0.609505
0.000000,-2.718093,1.189008,0.571744
0.000000,-2.713993,1.214514,0.604219
0.000000,-2.737634,1.215088,0.559607
0.000000,-2.737634,1.215088,0.559607
0.000000,-2.737634,1.215088,0.559607
0.000000,-2.737634,1.215088,0.559607
0.000000,-2.713993,1.214514,0.604219
0.000000,-2.713993,1.214514,0.604219
0.000000,-2.713993,1.214514,0.604219
0.000000,-2.713993,1.214514,0.604219
0.000000,-2.713993,1.214514,0.604219
0.000000,-2.713993,1.214514,0.604219
0.000000,-2.675368,1.207695,0.630070
0.000000,-2.635374,1.176325,0.624799
0.000000,-2.635374,1.176325,0.624799
0.000000,-2.675368,1.207695,0.630070
0.000000,-2.737634,1.215088,0.559607
0.000000,-2.763736,1.154023,0.486065
0.000000,-2.834220,1.109778,0.412758
0.000000,-2.883536,1.010316,0.305785
0.000000,-2.840129,0.975531,0.295590
0.000000,-2.695759,0.964914,0.375961
0.000000,-2.525243,0.997283,0.475928
0.000000,-2.576522,0.975175,0.425016
0.000000,-2.545937,0.988133,0.443242
0.000000,-2.545937,0.988133,0.443242
0.000000,-2.533156,0.982703,0.472697
0.000000,-2.533156,0.982703,0.472697
0.000000,-2.521135,0.977317,0.501887
0.000000,-2.519101,1.008438,0.524628
0.000000,-2.519101,1.008438,0.524628
0.000000,-2.521135,0.977317,0.501887
0.000000,-2.496826,0.974819,0.517431
0.000000,-2.496826,0.974819,0.517431
0.000000,-2.496826,0.974819,0.517431
0.000000,-2.496826,0.974819,0.517431
0.000000,-2.496826,0.974819,0.517431
0.000000,-2.521135,0.977317,0.501887
0.000000,-2.496826,0.974819,0.517431
0.000000,-2.496826,0.974819,0.517431
0.000000,-2.496826,0.974819,0.517431
0.000000,-2.496826,0.974819,0.517431
0.000000,-2.496826,0.974819,0.517431
0.000000,-2.496826,0.974819,0.517431
0.000000,-2.496826,0.974819,0.517431
0.000000,-2.488308,0.939732,0.523722
0.000000,-2.518427,0.956536,0.526085
0.000000,-2.530730,0.932648,0.477602
0.000000,-2.532653,0.904312,0.458675
0.000000,-2.509376,0.902051,0.472362
0.000000,-2.552364,0.886399,0.469869
0.000000,-2.552364,0.886399,0.469869
0.000000,-2.563760,0.912115,0.502135
0.000000,-2.560422,0.899796,0.486119
0.000000,-2.579842,0.960364,0.510766
0.000000,-2.643443,0.970556,0.450785
0.000000,-2.721854,0.993974,0.421623
0.000000,-2.870590,0.993241,0.312770
0.000000,-3.014285,0.910809,0.175217
0.000000,3.116949,0.778483,0.097677
0.000000,2.863103,0.758730,-0.046350
0.000000,2.606311,0.772601,-0.245114
0.000000,2.395063,0.772322,-0.381287
0.000000,2.234488,0.813943,-0.529128
0.000000,2.145608,0.859016,-0.605759
0.000000,2.068851,0.914078,-0.660142
0.000000,1.945313,1.028256,-0.756125
0.000000,1.813016,1.168591,-0.883415
0.000000,1.544525,1.263649,-1.034077
0.000000,1.293792,1.382904,-1.293792
0.000000,1.293792,-nan(ind),-1.833405
0.000000,0.546714,1.495946,-2.124783
0.000000,0.272816,1.405685,-2.348362
0.000000,0.149051,1.433576,-2.566206
0.000000,0.047365,1.433575,-2.749302
0.000000,-0.127196,1.452406,-3.013042
0.000000,-0.127196,-nan(ind),-3.059956
0.000000,3.098321,1.455842,0.041808
0.000000,3.053941,1.193326,-0.060014
0.000000,3.029104,0.882611,-0.141316
0.000000,2.960426,0.701023,-0.193587
0.000000,2.872494,0.692158,-0.269237
0.000000,2.713062,0.791773,-0.449310
0.000000,2.478332,0.894666,-0.598419
0.000000,2.271398,1.089510,-0.743743
0.000000,2.091770,1.219711,-0.774458
0.000000,2.063587,1.365497,-0.775297
0.000000,2.121492,1.423695,-0.683095
0.000000,2.121492,1.423695,-0.683095
0.000000,1.949235,1.398537,-0.889585
0.000000,2.001072,1.353111,-0.855704
0.000000,1.731197,1.333598,-1.125391
0.000000,1.505494,1.281343,-1.410233
0.000000,1.454056,1.232134,-1.534115
0.000000,1.316439,1.217392,-1.696960
0.000000,1.187260,1.203217,-1.854508
0.000000,1.135866,1.159992,-1.845236
0.000000,1.083384,1.211658,-1.943675
0.000000,1.103083,1.297180,-1.982596
0.000000,1.351079,1.331057,-1.655118
0.000000,1.379285,1.321150,-1.643791
0.000000,1.390864,1.316339,-1.639195
0.000000,1.953919,1.405685,-1.164174
0.000000,2.851895,1.280643,-0.293237
0.000000,2.891175,1.203217,-0.220729
0.000000,2.805330,1.157994,-0.262609
0.000000,2.737049,1.153529,-0.331262
0.000000,2.659877,1.150578,-0.384219
0.000000,2.634548,1.160493,-0.422494
0.000000,2.699054,1.258400,-0.409837
0.000000,2.730088,1.213369,-0.334927
0.000000,2.729015,1.262988,-0.362743
0.000000,2.699054,1.258400,-0.409837
0.000000,2.671529,1.190083,-0.424411
0.000000,2.594301,1.200997,-0.481267
0.000000,2.612346,1.183146,-0.491069
0.000000,2.650212,1.144250,-0.436538
0.000000,2.685497,1.131380,-0.413217
0.000000,2.716523,1.117938,-0.392340
0.000000,2.716523,1.117938,-0.392340
0.000000,2.667404,1.090374,-0.426260
0.000000,2.699576,1.130440,-0.427327
0.000000,2.730487,1.117024,-0.406658
0.000000,2.767200,1.082642,-0.364403
0.000000,2.779235,1.120229,-0.399006
0.000000,2.750103,1.133736,-0.418224
0.000000,2.787240,1.137056,-0.394127
0.000000,2.886495,1.186867,-0.322079
0.000000,2.954164,1.190622,-0.250728
0.000000,3.013561,1.164017,-0.175660
0.000000,3.011300,1.207695,-0.186844
0.000000,3.024545,1.193326,-0.177757
0.000000,3.024545,1.193326,-0.177757
0.000000,3.026616,1.150578,-0.167879
0.000000,2.996333,1.193326,-0.221948
0.000000,2.996333,1.193326,-0.221948
0.000000,3.039028,1.196049,-0.192790
0.000000,3.039028,1.196049,-0.192790
0.000000,3.039028,1.196049,-0.192790
0.000000,3.039028,1.196049,-0.192790
0.000000,3.039028,1.196049,-0.192790
0.000000,3.010913,1.196595,-0.237241
0.000000,3.053509,1.199892,-0.208103
0.000000,3.044175,1.170127,-0.204958
0.000000,3.013699,1.171153,-0.249252
0.000000,3.013699,1.171153,-0.249252
0.000000,3.009817,1.215663,-0.263964
0.000000,3.009817,1.215663,-0.263964
0.000000,3.009817,1.215663,-0.263964
0.000000,3.009817,1.215663,-0.263964
0.000000,3.009817,1.215663,-0.263964
0.000000,3.013699,1.171153,-0.249252
0.000000,2.998191,1.202106,-0.297562
0.000000,2.960793,1.154518,-0.308506
0.000000,2.959722,1.102193,-0.321608
0.000000,2.945115,1.049150,-0.318771
0.000000,2.946543,1.032142,-0.294166
0.000000,2.929851,1.014847,-0.303536
0.000000,2.917390,0.980903,-0.277152
0.000000,2.966067,0.984147,-0.228281
0.000000,3.023570,1.033704,-0.157305
0.000000,-2.952855,1.084351,0.112760
0.000000,-3.002199,1.052774,0.129086
0.000000,-3.092089,1.005818,0.050421
0.000000,3.080730,0.959318,-0.031889
0.000000,2.904601,0.971619,-0.148364
0.000000,2.643882,1.024395,-0.336104
0.000000,2.325978,0.992509,-0.509789
0.000000,1.966296,1.006939,-0.771249
0.000000,1.585652,0.954111,-0.959524
0.000000,1.492280,0.913750,-1.002957
0.000000,1.541200,0.842937,-0.896851
0.000000,1.782780,0.724018,-0.700880
0.000000,2.141115,0.580211,-0.464824
0.000000,2.481707,0.391310,-0.309859
0.000000,2.786497,0.202174,-0.239628
0.000000,2.882374,0.111028,-0.236093
0.000000,2.970973,0.079885,-0.248920
0.000000,3.059272,0.010200,-0.240758
0.000000,-3.113833,-0.056831,-0.261402
0.000000,-3.004629,-0.123312,-0.271076
0.000000,-2.889688,-0.210348,-0.270772
0.000000,-2.654851,-0.419824,-0.254004
0.000000,-2.498823,-0.599464,-0.204337
0.000000,-2.428571,-0.573291,-0.084962
0.000000,-2.499127,-0.550602,0.053077
0.000000,-2.573812,-0.493147,0.176054
0.000000,-2.628712,-0.500655,0.295820
0.000000,-2.703690,-0.560016,0.431483
0.000000,-2.846979,-0.670784,0.615477
0.000000,-3.001954,-0.640754,0.847088
0.000000,-3.056847,-0.466765,0.915664
0.000000,-3.081207,-0.159070,0.844372
0.000000,-3.093620,0.239483,0.727172
0.000000,3.096327,0.544511,0.600050
0.000000,3.028727,0.706006,0.520581
0.000000,3.011747,0.788930,0.429805
0.000000,2.997740,0.969141,0.333361
0.000000,2.844939,1.271011,0.106615
0.000000,2.480648,1.409376,-0.333369
0.000000,1.887181,1.495946,-1.046537
0.000000,1.650017,1.436531,-1.254775
0.000000,1.290259,1.382903,-1.619937
0.000000,0.860283,1.267643,-2.061238
0.000000,0.661043,1.166044,-2.334560
0.000000,0.451354,1.187936,-2.634787
0.000000,0.284054,1.214514,-2.834434
0.000000,0.264241,1.204890,-2.934759
0.000000,0.201737,1.210522,-3.026043
0.000000,0.190170,1.166552,-3.028865
0.000000,0.135528,1.138486,-3.077972
0.000000,0.014378,1.084779,3.126769
0.000000,-0.057069,1.069583,3.084500
0.000000,-0.050479,1.070833,3.134926
0.000000,-0.029255,1.123917,-3.112888
0.000000,0.041516,1.152051,-3.039305
0.000000,0.097350,1.207695,-2.999858
0.000000,0.130350,1.271011,-3.001040
0.000000,0.188700,1.366481,-2.979963
0.000000,0.013591,1.326881,3.126540
0.000000,-0.253640,1.381835,2.874405
0.000000,-0.421170,1.273050,2.717096
0.000000,-0.427327,1.130440,2.699576
0.000000,-0.450797,1.024395,2.712876
0.000000,-0.658701,0.942789,2.625021
0.000000,-0.922904,0.890204,2.432933
0.000000,-0.879412,0.825077,2.477355
0.000000,-0.753130,0.564745,2.704442
0.000000,-0.765934,0.214644,2.973330
0.000000,-0.828273,-0.015201,-3.027556
0.000000,-0.840179,0.088716,-2.893516
0.000000,-0.803207,0.263022,-2.838465
0.000000,-0.780826,0.529614,-2.824527
0.000000,-0.845648,0.831288,-2.889191
0.000000,-1.071450,1.094720,-3.115893
0.000000,-1.601090,1.228541,2.568610
0.000000,-2.698144,1.030585,1.274166
0.000000,-2.949726,0.777079,0.836362
0.000000,-2.958191,0.564744,0.758992
0.000000,-2.960433,0.541941,0.709157
0.000000,-2.923821,0.507049,0.646203
0.000000,-2.777909,0.522906,0.713307
0.000000,-2.747314,0.560016,0.715806
0.000000,-2.795287,0.533094,0.669327
0.000000,-2.761516,0.499743,0.670102
0.000000,-2.752834,0.429922,0.679887
0.000000,-2.760093,0.288381,0.599788
0.000000,-2.802333,0.093135,0.550615
0.000000,-2.794072,0.128352,0.581861
0.000000,-2.768283,0.183223,0.593307
0.000000,-2.791468,0.169612,0.585523
0.000000,-2.861948,0.167178,0.601036
0.000000,-2.951955,0.067652,0.597070
0.000000,-2.986059,0.037609,0.574028
0.000000,-2.975147,0.076073,0.578558
0.000000,-2.980598,0.056831,0.576182
0.000000,-2.980598,0.056831,0.576182
0.000000,-2.980598,0.056831,0.576182
0.000000,-2.980598,0.056831,0.576182
0.000000,-2.980598,0.056831,0.576182
0.000000,-2.980598,0.056831,0.576182
0.000000,-2.980598,0.056831,0.576182
0.000000,-2.980598,0.056831,0.576182
0.000000,-2.980598,0.056831,0.576182
0.000000,-2.980598,0.056831,0.576182
0.000000,-2.980598,0.056831,0.576182
0.000000,-2.980598,0.056831,0.576182
0.000000,-2.980598,0.056831,0.576182
0.000000,-2.980598,0.056831,0.576182
0.000000,-2.980598,0.056831,0.576182
0.000000,-2.980598,0.056831,0.576182
0.000000,-2.980598,0.056831,0.576182
0.000000,-2.980598,0.056831,0.576182
0.000000,-2.980598,0.056831,0.576182
0.000000,-2.980598,0.056831,0.576182
0.000000,-2.979824,0.058233,0.554056
0.000000,-2.979824,0.058233,0.554056
0.000000,-2.979824,0.058233,0.554056
0.000000,-2.979824,0.058233,0.554056
0.000000,-2.979824,0.058233,0.554056
0.000000,-2.979824,0.058233,0.554056
0.000000,-2.979824,0.058233,0.554056
0.000000,-2.979824,0.058233,0.554056
0.000000,-2.998790,0.063643,0.553204
0.000000,-2.998790,0.063643,0.553204
0.000000,-2.998790,0.063643,0.553204
0.000000,-2.998790,0.063643,0.553204
0.000000,-2.998790,0.063643,0.553204
0.000000,-2.998790,0.063643,0.553204
0.000000,-2.998790,0.063643,0.553204
0.000000,-2.998790,0.063643,0.553204
0.000000,-2.998790,0.063643,0.553204
0.000000,-2.998790,0.063643,0.553204
0.000000,-2.998790,0.063643,0.553204
0.000000,-2.998790,0.063643,0.553204
0.000000,-2.998790,0.063643,0.553204
0.000000,-2.998790,0.063643,0.553204
0.000000,-2.998790,0.063643,0.553204
0.000000,-2.998790,0.063643,0.553204
0.000000,-2.998790,0.063643,0.553204
0.000000,-2.998790,0.063643,0.553204
0.000000,-2.998790,0.063643,0.553204
0.000000,-2.998790,0.063643,0.553204
0.000000,-2.998790,0.063643,0.553204
0.000000,-2.998790,0.063643,0.553204
0.000000,-2.998790,0.063643,0.553204
0.000000,-2.998790,0.063643,0.553204
0.000000,-2.998790,0.063643,0.553204
0.000000,-2.998790,0.063643,0.553204
0.000000,-2.998790,0.063643,0.553204
0.000000,-2.998790,0.063643,0.553204
0.000000,-2.998790,0.063643,0.553204
0.000000,-2.998790,0.063643,0.553204
0.000000,-2.998790,0.063643,0.553204
0.000000,-2.998790,0.063643,0.553204
0.000000,-2.998265,0.064845,0.531236
0.000000,-2.998265,0.064845,0.531236
0.000000,-2.998265,0.064845,0.531236
0.000000,-2.998265,0.064845,0.531236
0.000000,-2.998265,0.064845,0.531236
0.000000,-2.998265,0.064845,0.531236
0.000000,-2.998265,0.064845,0.531236
0.000000,-2.998265,0.064845,0.531236
0.000000,-2.998265,0.064845,0.531236
0.000000,-2.998265,0.064845,0.531236
0.000000,-2.998265,0.064845,0.531236
0.000000,-2.998265,0.064845,0.531236
0.000000,-2.998265,0.064845,0.531236
0.000000,-2.998265,0.064845,0.531236
0.000000,-2.998265,0.064845,0.531236
0.000000,-2.998265,0.064845,0.531236
0.000000,-2.998265,0.064845,0.531236
0.000000,-2.998265,0.064845,0.531236
0.000000,-2.998265,0.064845,0.531236
0.000000,-2.998265,0.064845,0.531236
0.000000,-2.998265,0.064845,0.531236
0.000000,-2.998265,0.064845,0.531236
0.000000,-2.998265,0.064845,0.531236
0.000000,-2.998265,0.064845,0.531236
0.000000,-2.998265,0.064845,0.531236
0.000000,-2.998265,0.064845,0.531236
0.000000,-2.998265,0.064845,0.531236
0.000000,-2.998265,0.064845,0.531236
0.000000,-2.998265,0.064845,0.531236
0.000000,-2.998265,0.064845,0.531236
0.000000,-2.998265,0.064845,0.531236
0.000000,-2.998265,0.064845,0.531236
0.000000,-2.998265,0.064845,0.531236
0.000000,-2.998265,0.064845,0.531236
0.000000,-2.998265,0.064845,0.531236
0.000000,-2.998265,0.064845,0.531236
0.000000,-2.998265,0.064845,0.531236
0.000000,-2.998265,0.064845,0.531236
0.000000,-2.998265,0.064845,0.531236
0.000000,-2.997787,0.066048,0.509438
0.000000,-2.997787,0.066048,0.509438
0.000000,-2.997787,0.066048,0.509438
0.000000,-2.997787,0.066048,0.509438
0.000000,-2.997787,0.066048,0.509438
0.000000,-2.997787,0.066048,0.509438
0.000000,-2.997787,0.066048,0.509438
0.000000,-2.997787,0.066048,0.509438
0.000000,-2.997787,0.066048,0.509438
0.000000,-2.997787,0.066048,0.509438
0.000000,-2.997787,0.066048,0.509438
0.000000,-2.997787,0.066048,0.509438
0.000000,-3.025902,0.052624,0.511180
0.000000,-3.002060,0.067050,0.513807
0.000000,-2.992247,0.108412,0.474801
0.000000,-2.976950,0.088516,0.409695
0.000000,-2.968867,0.127546,0.414536
0.000000,-2.997384,0.114651,0.393212
0.000000,-2.989897,0.154210,0.397934
0.000000,-2.970865,0.232694,0.384555
0.000000,-2.970714,0.381163,0.363404
0.000000,-2.916980,0.456935,0.343443
0.000000,-2.919439,0.496101,0.368122
0.000000,-2.912246,0.556479,0.423176
0.000000,-2.940806,0.499515,0.362588
0.000000,-2.886044,0.228175,0.295074
0.000000,-2.832909,0.039410,0.270272
0.000000,-2.827972,0.078681,0.277142
0.000000,-2.820597,0.137836,0.288364
0.000000,-2.901401,0.108815,0.275342
0.000000,-3.028805,-0.056430,0.278795
0.000000,-3.059528,-0.133193,0.277080
0.000000,-3.005616,-0.038009,0.259055
0.000000,-3.003049,-0.018201,0.260358
0.000000,-3.030383,-0.075070,0.257334
0.000000,-3.027801,-0.055228,0.258241
0.000000,-3.005616,-0.038009,0.259055
0.000000,-3.027801,-0.055228,0.258241
0.000000,-3.027801,-0.055228,0.258241
0.000000,-3.027801,-0.055228,0.258241
0.000000,-3.027801,-0.055228,0.258241
0.000000,-3.027801,-0.055228,0.258241
0.000000,-3.027801,-0.055228,0.258241
0.000000,-3.027801,-0.055228,0.258241
0.000000,-3.027801,-0.055228,0.258241
0.000000,-3.027801,-0.055228,0.258241
0.000000,-3.027801,-0.055228,0.258241
0.000000,-3.027801,-0.055228,0.258241
0.000000,-3.027801,-0.055228,0.258241
0.000000,-3.027801,-0.055228,0.258241
0.000000,-3.027801,-0.055228,0.258241
0.000000,-3.027801,-0.055228,0.258241
0.000000,-3.027801,-0.055228,0.258241
0.000000,-3.027801,-0.055228,0.258241
0.000000,-3.027801,-0.055228,0.258241
0.000000,-3.027801,-0.055228,0.258241
0.000000,-3.027801,-0.055228,0.258241
0.000000,-3.027801,-0.055228,0.258241
0.000000,-3.008185,-0.057832,0.257854
0.000000,-3.008185,-0.057832,0.257854
0.000000,-3.008185,-0.057832,0.257854
0.000000,-3.007121,-0.056430,0.237399
0.000000,-3.007121,-0.056430,0.237399
0.000000,-3.007121,-0.056430,0.237399
0.000000,-3.007121,-0.056430,0.237399
0.000000,-3.007121,-0.056430,0.237399
0.000000,-3.007121,-0.056430,0.237399
0.000000,-3.007121,-0.056430,0.237399
0.000000,-3.007121,-0.056430,0.237399
0.000000,-3.007121,-0.056430,0.237399
0.000000,-3.007121,-0.056430,0.237399
0.000000,-3.007121,-0.056430,0.237399
0.000000,-3.007121,-0.056430,0.237399
0.000000,-3.007121,-0.056430,0.237399
0.000000,-3.007121,-0.056430,0.237399
0.000000,-3.007121,-0.056430,0.237399
0.000000,-3.007121,-0.056430,0.237399
0.000000,-3.007121,-0.056430,0.237399
0.000000,-3.007121,-0.056430,0.237399
0.000000,-3.007121,-0.056430,0.237399
0.000000,-3.007121,-0.056430,0.237399
0.000000,-3.007121,-0.056430,0.237399
0.000000,-3.007121,-0.056430,0.237399
0.000000,-3.007121,-0.056430,0.237399
0.000000,-3.007121,-0.056430,0.237399
0.000000,-3.007121,-0.056430,0.237399
0.000000,-3.007121,-0.056430,0.237399
0.000000,-3.007121,-0.056430,0.237399
0.000000,-3.007121,-0.056430,0.237399
0.000000,-3.007121,-0.056430,0.237399
0.000000,-3.007121,-0.056430,0.237399
0.000000,-3.007121,-0.056430,0.237399
0.000000,-3.007121,-0.056430,0.237399
0.000000,-3.007121,-0.056430,0.237399
0.000000,-3.006101,-0.055028,0.217039
0.000000,-3.006101,-0.055028,0.217039
0.000000,-3.006101,-0.055028,0.217039
0.000000,-3.006101,-0.055028,0.217039
0.000000,-3.006101,-0.055028,0.217039
0.000000,-3.006101,-0.055028,0.217039
0.000000,-3.006101,-0.055028,0.217039
0.000000,-3.006101,-0.055028,0.217039
0.000000,-3.006101,-0.055028,0.217039
0.000000,-3.006101,-0.055028,0.217039
0.000000,-3.006101,-0.055028,0.217039
0.000000,-3.006101,-0.055028,0.217039
0.000000,-3.006101,-0.055028,0.217039
0.000000,-3.006101,-0.055028,0.217039
0.000000,-3.006101,-0.055028,0.217039
0.000000,-3.006101,-0.055028,0.217039
0.000000,-3.006101,-0.055028,0.217039
0.000000,-3.006101,-0.055028,0.217039
0.000000,-3.006101,-0.055028,0.217039
0.000000,-3.006101,-0.055028,0.217039
0.000000,-3.006101,-0.055028,0.217039
0.000000,-3.006101,-0.055028,0.217039
0.000000,-3.006101,-0.055028,0.217039
0.000000,-3.006101,-0.055028,0.217039
0.000000,-3.006101,-0.055028,0.217039
0.000000,-3.006101,-0.055028,0.217039
0.000000,-3.006101,-0.055028,0.217039
0.000000,-3.006101,-0.055028,0.217039
0.000000,-3.006101,-0.055028,0.217039
0.000000,-3.006101,-0.055028,0.217039
0.000000,-3.006101,-0.055028,0.217039
0.000000,-3.006101,-0.055028,0.217039
0.000000,-3.006101,-0.055028,0.217039
0.000000,-3.005127,-0.053626,0.196767
0.000000,-3.005127,-0.053626,0.196767
0.000000,-3.005127,-0.053626,0.196767
0.000000,-3.005127,-0.053626,0.196767
0.000000,-3.005127,-0.053626,0.196767
0.000000,-3.005127,-0.053626,0.196767
0.000000,-3.005127,-0.053626,0.196767
0.000000,-3.005127,-0.053626,0.196767
0.000000,-3.005127,-0.053626,0.196767
0.000000,-3.005127,-0.053626,0.196767
0.000000,-3.005127,-0.053626,0.196767
0.000000,-3.005127,-0.053626,0.196767
0.000000,-3.005127,-0.053626,0.196767
0.000000,-3.005127,-0.053626,0.196767
0.000000,-3.005127,-0.053626,0.196767
0.000000,-3.005127,-0.053626,0.196767
0.000000,-3.005127,-0.053626,0.196767
0.000000,-3.005127,-0.053626,0.196767
0.000000,-3.005127,-0.053626,0.196767
0.000000,-3.005127,-0.053626,0.196767
0.000000,-3.005127,-0.053626,0.196767
0.000000,-3.005127,-0.053626,0.196767
0.000000,-3.005127,-0.053626,0.196767
0.000000,-3.005127,-0.053626,0.196767
0.000000,-3.005127,-0.053626,0.196767
0.000000,-3.005127,-0.053626,0.196767
0.000000,-3.005127,-0.053626,0.196767
0.000000,-3.005127,-0.053626,0.196767
0.000000,-3.005127,-0.053626,0.196767
0.000000,-3.005127,-0.053626,0.196767
0.000000,-3.005127,-0.053626,0.196767
0.000000,-3.005127,-0.053626,0.196767
0.000000,-3.005127,-0.053626,0.196767
0.000000,-3.004201,-0.052224,0.176575
0.000000,-3.004201,-0.052224,0.176575
0.000000,-3.004201,-0.052224,0.176575
0.000000,-3.004201,-0.052224,0.176575
0.000000,-3.004201,-0.052224,0.176575
0.000000,-3.004201,-0.052224,0.176575
0.000000,-3.004201,-0.052224,0.176575
0.000000,-3.004201,-0.052224,0.176575
0.000000,-3.004201,-0.052224,0.176575
0.000000,-3.004201,-0.052224,0.176575
0.000000,-3.004201,-0.052224,0.176575
0.000000,-3.004201,-0.052224,0.176575
0.000000,-3.004201,-0.052224,0.176575
0.000000,-3.004201,-0.052224,0.176575
0.000000,-3.004201,-0.052224,0.176575
0.000000,-3.004201,-0.052224,0.176575
0.000000,-3.004201,-0.052224,0.176575
0.000000,-3.004201,-0.052224,0.176575
0.000000,-3.004201,-0.052224,0.176575
0.000000,-3.004201,-0.052224,0.176575
0.000000,-3.004201,-0.052224,0.176575
0.000000,-3.004201,-0.052224,0.176575
0.000000,-3.004201,-0.052224,0.176575
0.000000,-3.004201,-0.052224,0.176575
0.000000,-3.004201,-0.052224,0.176575
0.000000,-3.004201,-0.052224,0.176575
0.000000,-3.004201,-0.052224,0.176575
0.000000,-3.004201,-0.052224,0.176575
0.000000,-3.004201,-0.052224,0.176575
0.000000,-3.004201,-0.052224,0.176575
0.000000,-3.004201,-0.052224,0.176575
0.000000,-3.004201,-0.052224,0.176575
0.000000,-3.004201,-0.052224,0.176575
0.000000,-3.003323,-0.050822,0.156456
0.000000,-3.003323,-0.050822,0.156456
0.000000,-3.003323,-0.050822,0.156456
0.000000,-3.003323,-0.050822,0.156456
0.000000,-3.003323,-0.050822,0.156456
0.000000,-3.003323,-0.050822,0.156456
0.000000,-3.003323,-0.050822,0.156456
0.000000,-3.003323,-0.050822,0.156456
0.000000,-3.003323,-0.050822,0.156456
0.000000,-3.003323,-0.050822,0.156456
0.000000,-3.003323,-0.050822,0.156456
0.000000,-3.003323,-0.050822,0.156456
0.000000,-3.003323,-0.050822,0.156456
0.000000,-3.003323,-0.050822,0.156456
0.000000,-3.003323,-0.050822,0.156456
0.000000,-3.003323,-0.050822,0.156456
0.000000,-3.003323,-0.050822,0.156456
0.000000,-3.003323,-0.050822,0.156456
0.000000,-3.003323,-0.050822,0.156456
0.000000,-3.003323,-0.050822,0.156456
0.000000,-3.003323,-0.050822,0.156456
0.000000,-3.003323,-0.050822,0.156456
0.000000,-3.003323,-0.050822,0.156456
0.000000,-3.003323,-0.050822,0.156456
0.000000,-3.003323,-0.050822,0.156456
0.000000,-3.003323,-0.050822,0.156456
